web_scraper_order,web_scraper_start_url,weapon,gems,gems2,gems3,gems4,tier,gems5,gems6,gems7,gems8,weapon2
"1788937210-1","https://poe2db.tw/us/Skill_Gems#SkillGemsGemcutting","Occult","Unearth","Contagion","Skeletal Sniper","","1","https://cdn.poe2db.tw/image/art/2dart/skillicons/4k/witchunearth.webp","https://cdn.poe2db.tw/image/art/2dart/skillicons/4k/witcharcherskeleton.webp","","https://cdn.poe2db.tw/image/art/2dart/skillicons/4k/witchcontagion.webp","https://cdn.poe2db.tw/image/Art/2DArt/UIImages/InGame/GemcuttingNew/GemcuttingIconOccult.webp"
"1788937210-2","https://poe2db.tw/us/Skill_Gems#SkillGemsGemcutting","Occult","Enfeeble","Bone Cage","Essence Drain","Skeletal Arsonist","3","https://cdn.poe2db.tw/image/Art/2DArt/SkillIcons/4K/enfeeble.webp","https://cdn.poe2db.tw/image/art/2dart/skillicons/4k/witchessencedrain.webp","https://cdn.poe2db.tw/image/art/2dart/skillicons/4k/witcharsonistskeleton.webp","https://cdn.poe2db.tw/image/art/2dart/skillicons/4k/witchbonecage.webp","https://cdn.poe2db.tw/image/Art/2DArt/UIImages/InGame/GemcuttingNew/GemcuttingIconOccult.webp"
"1788937210-3","https://poe2db.tw/us/Skill_Gems#SkillGemsGemcutting","Occult","Raise Zombie","Bonestorm","Pain Offering","Skeletal Frost Mage","5","https://cdn.poe2db.tw/image/art/2dart/skillicons/4k/witchraisezombie.webp","https://cdn.poe2db.tw/image/art/2dart/skillicons/4k/witchpainoffering.webp","https://cdn.poe2db.tw/image/art/2dart/skillicons/4k/witchfrostskeleton.webp","https://cdn.poe2db.tw/image/art/2dart/skillicons/4k/witchbonestorm.webp","https://cdn.poe2db.tw/image/Art/2DArt/UIImages/InGame/GemcuttingNew/GemcuttingIconOccult.webp"
"1788937210-4","https://poe2db.tw/us/Skill_Gems#SkillGemsGemcutting","Occult","Vulnerability","Bind Spectre","Detonate Dead","Profane Ritual","7","https://cdn.poe2db.tw/image/Art/2DArt/SkillIcons/4K/vulnerability.webp","https://cdn.poe2db.tw/image/art/2dart/skillicons/4k/witchdetonatedead.webp","https://cdn.poe2db.tw/image/art/2dart/skillicons/4k/witchprofaneritual.webp","https://cdn.poe2db.tw/image/art/2dart/skillicons/4k/witchbindspectre.webp","https://cdn.poe2db.tw/image/Art/2DArt/UIImages/InGame/GemcuttingNew/GemcuttingIconOccult.webp"
"1788937210-5","https://poe2db.tw/us/Skill_Gems#SkillGemsGemcutting","Occult","Skeletal Reaver","Despair","Dark Effigy","","9","https://cdn.poe2db.tw/image/art/2dart/skillicons/4k/witchreaverskeleton.webp","https://cdn.poe2db.tw/image/art/2dart/skillicons/4k/witchdarkeffigy.webp","","https://cdn.poe2db.tw/image/Art/2DArt/SkillIcons/4K/Despair.webp","https://cdn.poe2db.tw/image/Art/2DArt/UIImages/InGame/GemcuttingNew/GemcuttingIconOccult.webp"
"1788937210-6","https://poe2db.tw/us/Skill_Gems#SkillGemsGemcutting","Occult","Skeletal Storm Mage","Hexblast","Bone Offering","","11","https://cdn.poe2db.tw/image/art/2dart/skillicons/4k/witchstormskeleton.webp","https://cdn.poe2db.tw/image/art/2dart/skillicons/4k/witchboneoffering.webp","","https://cdn.poe2db.tw/image/art/2dart/skillicons/4k/witchhexblast.webp","https://cdn.poe2db.tw/image/Art/2DArt/UIImages/InGame/GemcuttingNew/GemcuttingIconOccult.webp"
"1788937210-7","https://poe2db.tw/us/Skill_Gems#SkillGemsGemcutting","Occult","Skeletal Brute","Skeletal Cleric","Soul Offering","","13","https://cdn.poe2db.tw/image/art/2dart/skillicons/4k/witchbruteskeleton.webp","https://cdn.poe2db.tw/image/art/2dart/skillicons/4k/witchpoweroffering.webp","","https://cdn.poe2db.tw/image/art/2dart/skillicons/4k/witchclericskeleton.webp","https://cdn.poe2db.tw/image/Art/2DArt/UIImages/InGame/GemcuttingNew/GemcuttingIconOccult.webp"
"1788937210-8","https://poe2db.tw/us/Skill_Gems#SkillGemsGemcutting","Bow","Lightning Arrow","Escape Shot","Poisonburst Arrow","Lightning Rod","1","https://cdn.poe2db.tw/image/art/2dart/skillicons/4k/rangerlightningarrow.webp","https://cdn.poe2db.tw/image/art/2dart/skillicons/4k/rangerpoisonburstarrow.webp","https://cdn.poe2db.tw/image/art/2dart/skillicons/4k/rangerlightningrodrainskill.webp","https://cdn.poe2db.tw/image/art/2dart/skillicons/4k/rangerfrostescapeshot.webp","https://cdn.poe2db.tw/image/Art/2DArt/UIImages/InGame/GemcuttingNew/GemcuttingIconBow.webp"
"1788937210-9","https://poe2db.tw/us/Skill_Gems#SkillGemsGemcutting","Bow","Freezing Salvo","Stormcaller Arrow","Snipe","Vine Arrow","3","https://cdn.poe2db.tw/image/art/2dart/skillicons/4k/rangerfreezingsalvoskill.webp","https://cdn.poe2db.tw/image/art/2dart/skillicons/4k/rangersnipeshotarrow.webp","https://cdn.poe2db.tw/image/art/2dart/skillicons/4k/rangerpoisonvinearrowskill.webp","https://cdn.poe2db.tw/image/art/2dart/skillicons/4k/rangershockingarrow.webp","https://cdn.poe2db.tw/image/Art/2DArt/UIImages/InGame/GemcuttingNew/GemcuttingIconBow.webp"
"1788937210-10","https://poe2db.tw/us/Skill_Gems#SkillGemsGemcutting","Bow","Ice-Tipped Arrows","Barrage","Toxic Growth","Electrocuting Arrow","5","https://cdn.poe2db.tw/image/art/2dart/skillicons/4k/rangershearingbolts.webp","https://cdn.poe2db.tw/image/art/2dart/skillicons/4k/rangerpoisonbloomskill.webp","https://cdn.poe2db.tw/image/art/2dart/skillicons/4k/rangerelectrocutingrodskill.webp","https://cdn.poe2db.tw/image/art/2dart/skillicons/4k/rangerbarrageskill.webp","https://cdn.poe2db.tw/image/Art/2DArt/UIImages/InGame/GemcuttingNew/GemcuttingIconBow.webp"
"1788937210-11","https://poe2db.tw/us/Skill_Gems#SkillGemsGemcutting","Bow","Gas Arrow","Voltaic Mark","Freezing Mark","Sniper's Mark","7","https://cdn.poe2db.tw/image/art/2dart/skillicons/4k/rangergascloudskill.webp","https://cdn.poe2db.tw/image/art/2dart/skillicons/4k/freezingmarkskill.webp","https://cdn.poe2db.tw/image/Art/2DArt/SkillIcons/4K/projectileweakness.webp","https://cdn.poe2db.tw/image/art/2dart/skillicons/4k/shockingmarkskill.webp","https://cdn.poe2db.tw/image/Art/2DArt/UIImages/InGame/GemcuttingNew/GemcuttingIconBow.webp"
"1788937210-12","https://poe2db.tw/us/Skill_Gems#SkillGemsGemcutting","Bow","Ice Shot","Detonating Arrow","Rain of Arrows","","9","https://cdn.poe2db.tw/image/art/2dart/skillicons/4k/rangericeshot.webp","https://cdn.poe2db.tw/image/art/2dart/skillicons/4k/rangerrainofarrowsskill.webp","","https://cdn.poe2db.tw/image/art/2dart/skillicons/4k/rangerdetonatingarrowskill.webp","https://cdn.poe2db.tw/image/Art/2DArt/UIImages/InGame/GemcuttingNew/GemcuttingIconBow.webp"
"1788937210-13","https://poe2db.tw/us/Skill_Gems#SkillGemsGemcutting","Bow","Shockchain Arrow","Tornado Shot","","","11","https://cdn.poe2db.tw/image/art/2dart/skillicons/4k/rangershockchainskill.webp","","","https://cdn.poe2db.tw/image/art/2dart/skillicons/4k/rangertornadoshotskill.webp","https://cdn.poe2db.tw/image/Art/2DArt/UIImages/InGame/GemcuttingNew/GemcuttingIconBow.webp"
"1788937210-14","https://poe2db.tw/us/Skill_Gems#SkillGemsGemcutting","Bow","Magnetic Salvo","Spiral Volley","Toxic Domain","","13","https://cdn.poe2db.tw/image/art/2dart/skillicons/4k/rangermagneticsalvo.webp","https://cdn.poe2db.tw/image/art/2dart/skillicons/4k/rangertoxicdomain.webp","","https://cdn.poe2db.tw/image/art/2dart/skillicons/4k/rangerspiralvolleyskill.webp","https://cdn.poe2db.tw/image/Art/2DArt/UIImages/InGame/GemcuttingNew/GemcuttingIconBow.webp"
"1788937210-15","https://poe2db.tw/us/Skill_Gems#SkillGemsGemcutting","Mace","Rolling Slam","Boneshatter","Earthquake","","1","https://cdn.poe2db.tw/image/art/2dart/skillicons/4k/brutedoubleslam.webp","https://cdn.poe2db.tw/image/art/2dart/skillicons/4k/bruteearthquake.webp","","https://cdn.poe2db.tw/image/art/2dart/skillicons/4k/bruteboneshatter.webp","https://cdn.poe2db.tw/image/Art/2DArt/UIImages/InGame/GemcuttingNew/GemcuttingIconMace.webp"
"1788937210-16","https://poe2db.tw/us/Skill_Gems#SkillGemsGemcutting","Mace","Shield Charge","Shockwave Totem","Armour Breaker","Infernal Cry","3","https://cdn.poe2db.tw/image/art/2dart/skillicons/4k/bruteshieldcharge.webp","https://cdn.poe2db.tw/image/art/2dart/skillicons/4k/bruteheavystrike.webp","https://cdn.poe2db.tw/image/art/2dart/skillicons/4k/bruteinfernalcry.webp","https://cdn.poe2db.tw/image/art/2dart/skillicons/4k/bruteshockwavetotem.webp","https://cdn.poe2db.tw/image/Art/2DArt/UIImages/InGame/GemcuttingNew/GemcuttingIconMace.webp"
"1788937210-17","https://poe2db.tw/us/Skill_Gems#SkillGemsGemcutting","Mace","Molten Blast","Perfect Strike","Resonating Shield","","5","https://cdn.poe2db.tw/image/art/2dart/skillicons/4k/brutemoltenblast.webp","https://cdn.poe2db.tw/image/art/2dart/skillicons/4k/bruteresonatingshield.webp","","https://cdn.poe2db.tw/image/art/2dart/skillicons/4k/bruteperfectstrike.webp","https://cdn.poe2db.tw/image/Art/2DArt/UIImages/InGame/GemcuttingNew/GemcuttingIconMace.webp"
"1788937210-18","https://poe2db.tw/us/Skill_Gems#SkillGemsGemcutting","Mace","Shield Wall","Earthshatter","Volcanic Fissure","Leap Slam","7","https://cdn.poe2db.tw/image/art/2dart/skillicons/4k/bruteshieldwall.webp","https://cdn.poe2db.tw/image/art/2dart/skillicons/4k/brutevolcanicfissure.webp","https://cdn.poe2db.tw/image/art/2dart/skillicons/4k/bruteleapslam.webp","https://cdn.poe2db.tw/image/art/2dart/skillicons/4k/bruteearthshatter.webp","https://cdn.poe2db.tw/image/Art/2DArt/UIImages/InGame/GemcuttingNew/GemcuttingIconMace.webp"
"1788937210-19","https://poe2db.tw/us/Skill_Gems#SkillGemsGemcutting","Mace","Fortifying Cry","Forge Hammer","Sunder","","9","https://cdn.poe2db.tw/image/art/2dart/skillicons/4k/warriorshieldingcry.webp","https://cdn.poe2db.tw/image/art/2dart/skillicons/4k/brutesunder.webp","","https://cdn.poe2db.tw/image/art/2dart/skillicons/4k/warriorforgehammer.webp","https://cdn.poe2db.tw/image/Art/2DArt/UIImages/InGame/GemcuttingNew/GemcuttingIconMace.webp"
"1788937210-20","https://poe2db.tw/us/Skill_Gems#SkillGemsGemcutting","Mace","Supercharged Slam","Seismic Cry","Stampede","","11","https://cdn.poe2db.tw/image/art/2dart/skillicons/4k/brutesuperchargedslam.webp","https://cdn.poe2db.tw/image/art/2dart/skillicons/4k/brutestampede.webp","","https://cdn.poe2db.tw/image/art/2dart/skillicons/4k/bruteseismiccry.webp","https://cdn.poe2db.tw/image/Art/2DArt/UIImages/InGame/GemcuttingNew/GemcuttingIconMace.webp"
"1788937210-21","https://poe2db.tw/us/Skill_Gems#SkillGemsGemcutting","Mace","Ancestral Cry","Hammer of the Gods","Ancestral Warrior Totem","","13","https://cdn.poe2db.tw/image/art/2dart/skillicons/4k/warriorancestralcry.webp","https://cdn.poe2db.tw/image/art/2dart/skillicons/4k/bruteancestralwarriortotem.webp","","https://cdn.poe2db.tw/image/art/2dart/skillicons/4k/brutehammerofthegods.webp","https://cdn.poe2db.tw/image/Art/2DArt/UIImages/InGame/GemcuttingNew/GemcuttingIconMace.webp"
"1788937210-22","https://poe2db.tw/us/Skill_Gems#SkillGemsGemcutting","Elemental","Spark","Ice Nova","Flame Wall","Frost Bomb","1","https://cdn.poe2db.tw/image/art/2dart/skillicons/4k/sorceressspark.webp","https://cdn.poe2db.tw/image/art/2dart/skillicons/4k/sorceressflamewall.webp","https://cdn.poe2db.tw/image/art/2dart/skillicons/4k/sorceressfrostbomb.webp","https://cdn.poe2db.tw/image/art/2dart/skillicons/4k/sorceressicenova.webp","https://cdn.poe2db.tw/image/Art/2DArt/UIImages/InGame/GemcuttingNew/GemcuttingIconElemental.webp"
"1788937210-23","https://poe2db.tw/us/Skill_Gems#SkillGemsGemcutting","Elemental","Frost Darts","Living Bomb","Fireball","Orb of Storms","3","https://cdn.poe2db.tw/image/art/2dart/skillicons/4k/frostdartsskillicon.webp","https://cdn.poe2db.tw/image/art/2dart/skillicons/4k/sorceressgreaterfireball.webp","https://cdn.poe2db.tw/image/art/2dart/skillicons/4k/sorceressorbofstorms.webp","https://cdn.poe2db.tw/image/art/2dart/skillicons/4k/livingbombweaponskill.webp","https://cdn.poe2db.tw/image/Art/2DArt/UIImages/InGame/GemcuttingNew/GemcuttingIconElemental.webp"
"1788937210-24","https://poe2db.tw/us/Skill_Gems#SkillGemsGemcutting","Elemental","Arc","Frostbolt","Snap","Ember Fusillade","5","https://cdn.poe2db.tw/image/art/2dart/skillicons/4k/sorceressarc.webp","https://cdn.poe2db.tw/image/art/2dart/skillicons/4k/sorceresscoldsnap.webp","https://cdn.poe2db.tw/image/art/2dart/skillicons/4k/sorceressblazingcluster.webp","https://cdn.poe2db.tw/image/art/2dart/skillicons/4k/sorceressfrostbolt.webp","https://cdn.poe2db.tw/image/Art/2DArt/UIImages/InGame/GemcuttingNew/GemcuttingIconElemental.webp"
"1788937210-25","https://poe2db.tw/us/Skill_Gems#SkillGemsGemcutting","Elemental","Elemental Weakness","Mana Tempest","Temporal Chains","","7","https://cdn.poe2db.tw/image/Art/2DArt/SkillIcons/4K/elementalweakness.webp","https://cdn.poe2db.tw/image/Art/2DArt/SkillIcons/4K/temporalchains.webp","","https://cdn.poe2db.tw/image/art/2dart/skillicons/4k/sorceressmanatempest.webp","https://cdn.poe2db.tw/image/Art/2DArt/UIImages/InGame/GemcuttingNew/GemcuttingIconElemental.webp"
"1788937210-26","https://poe2db.tw/us/Skill_Gems#SkillGemsGemcutting","Elemental","Incinerate","Lightning Warp","Frost Wall","","9","https://cdn.poe2db.tw/image/art/2dart/skillicons/4k/sorceressincinerate.webp","https://cdn.poe2db.tw/image/art/2dart/skillicons/4k/sorceressfrostwall.webp","","https://cdn.poe2db.tw/image/art/2dart/skillicons/4k/sorceresslightningwarp.webp","https://cdn.poe2db.tw/image/Art/2DArt/UIImages/InGame/GemcuttingNew/GemcuttingIconElemental.webp"
"1788937210-27","https://poe2db.tw/us/Skill_Gems#SkillGemsGemcutting","Elemental","Ball Lightning","Firestorm","Comet","","11","https://cdn.poe2db.tw/image/art/2dart/skillicons/4k/sorceressballlightning.webp","https://cdn.poe2db.tw/image/art/2dart/skillicons/4k/sorceresscomet.webp","","https://cdn.poe2db.tw/image/art/2dart/skillicons/4k/witchfirestorm.webp","https://cdn.poe2db.tw/image/Art/2DArt/UIImages/InGame/GemcuttingNew/GemcuttingIconElemental.webp"
"1788937210-28","https://poe2db.tw/us/Skill_Gems#SkillGemsGemcutting","Elemental","Flameblast","Eye of Winter","Lightning Conduit","","13","https://cdn.poe2db.tw/image/art/2dart/skillicons/4k/sorceressflameblast.webp","https://cdn.poe2db.tw/image/art/2dart/skillicons/4k/sorceresslightningconduit.webp","","https://cdn.poe2db.tw/image/art/2dart/skillicons/4k/sorceresseyeofwinter.webp","https://cdn.poe2db.tw/image/Art/2DArt/UIImages/InGame/GemcuttingNew/GemcuttingIconElemental.webp"
"1788937210-29","https://poe2db.tw/us/Skill_Gems#SkillGemsGemcutting","Spear","Disengage","Whirling Slash","Twister","Explosive Spear","1","https://cdn.poe2db.tw/image/art/2dart/skillicons/4k/impaleskillicon.webp","https://cdn.poe2db.tw/image/art/2dart/skillicons/4k/twisterskillicon.webp","https://cdn.poe2db.tw/image/art/2dart/skillicons/4k/huntressremoteminespear.webp","https://cdn.poe2db.tw/image/art/2dart/skillicons/4k/huntresswhirlingslash.webp","https://cdn.poe2db.tw/image/Art/2DArt/UIImages/InGame/GemcuttingNew/GemcuttingIconSpear.webp"
"1788937210-30","https://poe2db.tw/us/Skill_Gems#SkillGemsGemcutting","Spear","Rake","Fangs of Frost","Lightning Spear","Cull The Weak","3","https://cdn.poe2db.tw/image/art/2dart/skillicons/4k/huntressbloodhunt.webp","https://cdn.poe2db.tw/image/art/2dart/skillicons/4k/huntressstormspear.webp","https://cdn.poe2db.tw/image/art/2dart/skillicons/4k/frenziedlungeskillicon.webp","https://cdn.poe2db.tw/image/art/2dart/skillicons/4k/fangsoffrostskillicon.webp","https://cdn.poe2db.tw/image/Art/2DArt/UIImages/InGame/GemcuttingNew/GemcuttingIconSpear.webp"
"1788937210-31","https://poe2db.tw/us/Skill_Gems#SkillGemsGemcutting","Spear","Rapid Assault","Storm Lance","Barrage","Spearfield","5","https://cdn.poe2db.tw/image/art/2dart/skillicons/4k/huntressrapidassault.webp","https://cdn.poe2db.tw/image/art/2dart/skillicons/4k/rangerbarrageskill.webp","https://cdn.poe2db.tw/image/art/2dart/skillicons/4k/huntressspearfield.webp","https://cdn.poe2db.tw/image/art/2dart/skillicons/4k/huntressoverchargedspear.webp","https://cdn.poe2db.tw/image/Art/2DArt/UIImages/InGame/GemcuttingNew/GemcuttingIconSpear.webp"
"1788937210-32","https://poe2db.tw/us/Skill_Gems#SkillGemsGemcutting","Spear","Glacial Lance","Blood Hunt","Tame Beast","","7","https://cdn.poe2db.tw/image/art/2dart/skillicons/4k/huntressglaciallance.webp","https://cdn.poe2db.tw/image/art/2dart/skillicons/4k/huntresstamebeast.webp","","https://cdn.poe2db.tw/image/art/2dart/skillicons/4k/huntressbloodhuntskillicon.webp","https://cdn.poe2db.tw/image/Art/2DArt/UIImages/InGame/GemcuttingNew/GemcuttingIconSpear.webp"
"1788937210-33","https://poe2db.tw/us/Skill_Gems#SkillGemsGemcutting","Spear","Thunderous Leap","Primal Strikes","Bloodhound's Mark","","9","https://cdn.poe2db.tw/image/art/2dart/skillicons/4k/thunderousleapskillicon.webp","https://cdn.poe2db.tw/image/art/2dart/skillicons/4k/markofthebloodhoundskillicon.webp","","https://cdn.poe2db.tw/image/art/2dart/skillicons/4k/primalstrikesskillicon.webp","https://cdn.poe2db.tw/image/Art/2DArt/UIImages/InGame/GemcuttingNew/GemcuttingIconSpear.webp"
"1788937210-34","https://poe2db.tw/us/Skill_Gems#SkillGemsGemcutting","Spear","Elemental Sundering","Whirlwind Lance","","","11","https://cdn.poe2db.tw/image/art/2dart/skillicons/4k/huntressextraelements.webp","","","https://cdn.poe2db.tw/image/art/2dart/skillicons/4k/windstormlanceskillicon.webp","https://cdn.poe2db.tw/image/Art/2DArt/UIImages/InGame/GemcuttingNew/GemcuttingIconSpear.webp"
"1788937210-35","https://poe2db.tw/us/Skill_Gems#SkillGemsGemcutting","Spear","Spear of Solaris","Wind Serpent's Fury","","","13","https://cdn.poe2db.tw/image/art/2dart/skillicons/4k/solarisspearskillicon.webp","","","https://cdn.poe2db.tw/image/art/2dart/skillicons/4k/windserpentsfuryskillicon.webp","https://cdn.poe2db.tw/image/Art/2DArt/UIImages/InGame/GemcuttingNew/GemcuttingIconSpear.webp"
"1788937210-36","https://poe2db.tw/us/Skill_Gems#SkillGemsGemcutting","Crossbow","Explosive Grenade","Permafrost Bolts","Fragmentation Rounds","Armour Piercing Rounds","1","https://cdn.poe2db.tw/image/art/2dart/skillicons/4k/explosivegrenade.webp","https://cdn.poe2db.tw/image/art/2dart/skillicons/4k/burstshotphysical.webp","https://cdn.poe2db.tw/image/art/2dart/skillicons/4k/rapidshotphysical.webp","https://cdn.poe2db.tw/image/art/2dart/skillicons/4k/burstshotpermafrost.webp","https://cdn.poe2db.tw/image/Art/2DArt/UIImages/InGame/GemcuttingNew/GemcuttingIconCrossbow.webp"
"1788937210-37","https://poe2db.tw/us/Skill_Gems#SkillGemsGemcutting","Crossbow","Flash Grenade","High Velocity Rounds","Incendiary Shot","","3","https://cdn.poe2db.tw/image/art/2dart/skillicons/4k/flashbanggrenade.webp","https://cdn.poe2db.tw/image/art/2dart/skillicons/4k/burstshotincendiary.webp","","https://cdn.poe2db.tw/image/art/2dart/skillicons/4k/powershotphysical.webp","https://cdn.poe2db.tw/image/Art/2DArt/UIImages/InGame/GemcuttingNew/GemcuttingIconCrossbow.webp"
"1788937210-38","https://poe2db.tw/us/Skill_Gems#SkillGemsGemcutting","Crossbow","Galvanic Shards","Ice Shards","Gas Grenade","Rapid Shot","5","https://cdn.poe2db.tw/image/art/2dart/skillicons/4k/burstshotstormblast.webp","https://cdn.poe2db.tw/image/art/2dart/skillicons/4k/toxicgrenade.webp","https://cdn.poe2db.tw/image/art/2dart/skillicons/4k/rapidshotincendiary.webp","https://cdn.poe2db.tw/image/art/2dart/skillicons/4k/rapidshotpermafrost.webp","https://cdn.poe2db.tw/image/Art/2DArt/UIImages/InGame/GemcuttingNew/GemcuttingIconCrossbow.webp"
"1788937210-39","https://poe2db.tw/us/Skill_Gems#SkillGemsGemcutting","Crossbow","Artillery Ballista","Glacial Bolt","Explosive Shot","Voltaic Grenade","7","https://cdn.poe2db.tw/image/art/2dart/skillicons/4k/mercripwireballista.webp","https://cdn.poe2db.tw/image/art/2dart/skillicons/4k/powershotincendiary.webp","https://cdn.poe2db.tw/image/art/2dart/skillicons/4k/shockgrenade.webp","https://cdn.poe2db.tw/image/art/2dart/skillicons/4k/powershotpermafrost.webp","https://cdn.poe2db.tw/image/Art/2DArt/UIImages/InGame/GemcuttingNew/GemcuttingIconCrossbow.webp"
"1788937210-40","https://poe2db.tw/us/Skill_Gems#SkillGemsGemcutting","Crossbow","Oil Grenade","Siege Ballista","Stormblast Bolts","","9","https://cdn.poe2db.tw/image/art/2dart/skillicons/4k/oilgrenade.webp","https://cdn.poe2db.tw/image/art/2dart/skillicons/4k/siegecascadestormblast.webp","","https://cdn.poe2db.tw/image/art/2dart/skillicons/4k/mercartilleryballista.webp","https://cdn.poe2db.tw/image/Art/2DArt/UIImages/InGame/GemcuttingNew/GemcuttingIconCrossbow.webp"
"1788937210-41","https://poe2db.tw/us/Skill_Gems#SkillGemsGemcutting","Crossbow","Hailstorm Rounds","Shockburst Rounds","Emergency Reload","Mortar Cannon","11","https://cdn.poe2db.tw/image/art/2dart/skillicons/4k/siegecascadepermafrost.webp","https://cdn.poe2db.tw/image/art/2dart/skillicons/4k/mercemergencyreload.webp","https://cdn.poe2db.tw/image/art/2dart/skillicons/4k/grenadeballistaskillicon.webp","https://cdn.poe2db.tw/image/art/2dart/skillicons/4k/rapidshotstormblast.webp","https://cdn.poe2db.tw/image/Art/2DArt/UIImages/InGame/GemcuttingNew/GemcuttingIconCrossbow.webp"
"1788937210-42","https://poe2db.tw/us/Skill_Gems#SkillGemsGemcutting","Crossbow","Siege Cascade","Plasma Blast","Cluster Grenade","","13","https://cdn.poe2db.tw/image/art/2dart/skillicons/4k/siegecascadephysical.webp","https://cdn.poe2db.tw/image/art/2dart/skillicons/4k/mercclustergrenade.webp","","https://cdn.poe2db.tw/image/art/2dart/skillicons/4k/powershotstormblast.webp","https://cdn.poe2db.tw/image/Art/2DArt/UIImages/InGame/GemcuttingNew/GemcuttingIconCrossbow.webp"
"1788937210-43","https://poe2db.tw/us/Skill_Gems#SkillGemsGemcutting","Quarterstaff","Falling Thunder","Frozen Locus","Killing Palm","Glacial Cascade","1","https://cdn.poe2db.tw/image/art/2dart/skillicons/4k/monklightningstrike.webp","https://cdn.poe2db.tw/image/art/2dart/skillicons/4k/monkkillingpalm.webp","https://cdn.poe2db.tw/image/art/2dart/skillicons/4k/monkglacialcascade.webp","https://cdn.poe2db.tw/image/art/2dart/skillicons/4k/monkiceambush.webp","https://cdn.poe2db.tw/image/Art/2DArt/UIImages/InGame/GemcuttingNew/GemcuttingIconQuarterstaff.webp"
"1788937210-44","https://poe2db.tw/us/Skill_Gems#SkillGemsGemcutting","Quarterstaff","Staggering Palm","Tempest Bell","Wind Blast","","3","https://cdn.poe2db.tw/image/art/2dart/skillicons/4k/monkwindpalm.webp","https://cdn.poe2db.tw/image/art/2dart/skillicons/4k/monkgalestrikeswing.webp","","https://cdn.poe2db.tw/image/art/2dart/skillicons/4k/monktempestbell.webp","https://cdn.poe2db.tw/image/Art/2DArt/UIImages/InGame/GemcuttingNew/GemcuttingIconQuarterstaff.webp"
"1788937210-45","https://poe2db.tw/us/Skill_Gems#SkillGemsGemcutting","Quarterstaff","Ice Strike","Tempest Flurry","Vaulting Impact","","5","https://cdn.poe2db.tw/image/art/2dart/skillicons/4k/monkcomboattack.webp","https://cdn.poe2db.tw/image/art/2dart/skillicons/4k/monkvaultingimpact.webp","","https://cdn.poe2db.tw/image/art/2dart/skillicons/4k/monktempestflurry.webp","https://cdn.poe2db.tw/image/Art/2DArt/UIImages/InGame/GemcuttingNew/GemcuttingIconQuarterstaff.webp"
"1788937210-46","https://poe2db.tw/us/Skill_Gems#SkillGemsGemcutting","Quarterstaff","Wave of Frost","Siphoning Strike","Storm Wave","Freezing Mark","7","https://cdn.poe2db.tw/image/art/2dart/skillicons/4k/monkfreezingbackflip.webp","https://cdn.poe2db.tw/image/art/2dart/skillicons/4k/monkstormwave.webp","https://cdn.poe2db.tw/image/art/2dart/skillicons/4k/freezingmarkskill.webp","https://cdn.poe2db.tw/image/art/2dart/skillicons/4k/monksiphoningstrike.webp","https://cdn.poe2db.tw/image/Art/2DArt/UIImages/InGame/GemcuttingNew/GemcuttingIconQuarterstaff.webp"
"1788937210-47","https://poe2db.tw/us/Skill_Gems#SkillGemsGemcutting","Quarterstaff","Charged Staff","Mantra of Destruction","Hand of Chayula","","9","https://cdn.poe2db.tw/image/art/2dart/skillicons/4k/monkchargedstaff.webp","https://cdn.poe2db.tw/image/art/2dart/skillicons/4k/monkhandofchayula.webp","","https://cdn.poe2db.tw/image/art/2dart/skillicons/4k/monkmantraofdestruction.webp","https://cdn.poe2db.tw/image/Art/2DArt/UIImages/InGame/GemcuttingNew/GemcuttingIconQuarterstaff.webp"
"1788937210-48","https://poe2db.tw/us/Skill_Gems#SkillGemsGemcutting","Quarterstaff","Shattering Palm","Whirling Assault","","","11","https://cdn.poe2db.tw/image/art/2dart/skillicons/4k/monkshatteringpalm.webp","","","https://cdn.poe2db.tw/image/art/2dart/skillicons/4k/monkwhirlingassault.webp","https://cdn.poe2db.tw/image/Art/2DArt/UIImages/InGame/GemcuttingNew/GemcuttingIconQuarterstaff.webp"
"1788937210-49","https://poe2db.tw/us/Skill_Gems#SkillGemsGemcutting","Quarterstaff","Flicker Strike","Gathering Storm","","","13","https://cdn.poe2db.tw/image/art/2dart/skillicons/4k/monkflickerstriketeleport.webp","","","https://cdn.poe2db.tw/image/art/2dart/skillicons/4k/monkgatheringstorm.webp","https://cdn.poe2db.tw/image/Art/2DArt/UIImages/InGame/GemcuttingNew/GemcuttingIconQuarterstaff.webp"
"1788937210-50","https://poe2db.tw/us/Skill_Gems#SkillGemsGemcutting","Primal","Lunar Assault","Entangle","Volcano","Furious Slam","1","https://cdn.poe2db.tw/image/art/2dart/skillicons/4k/druidlunarassault.webp","https://cdn.poe2db.tw/image/art/2dart/skillicons/4k/druidvolcano.webp","https://cdn.poe2db.tw/image/art/2dart/skillicons/4k/druidbearslam.webp","https://cdn.poe2db.tw/image/art/2dart/skillicons/4k/druidentangle.webp","https://cdn.poe2db.tw/image/Art/2DArt/UIImages/InGame/GemcuttingNew/GemcuttingIconPrimal.webp"
"1788937210-51","https://poe2db.tw/us/Skill_Gems#SkillGemsGemcutting","Primal","Rolling Magma","Shockwave Totem","Wing Blast","Pounce","3","https://cdn.poe2db.tw/image/art/2dart/skillicons/4k/druidrollingmagma.webp","https://cdn.poe2db.tw/image/art/2dart/skillicons/4k/druidwingblast.webp","https://cdn.poe2db.tw/image/art/2dart/skillicons/4k/druidwolfleapattack.webp","https://cdn.poe2db.tw/image/art/2dart/skillicons/4k/bruteshockwavetotem.webp","https://cdn.poe2db.tw/image/Art/2DArt/UIImages/InGame/GemcuttingNew/GemcuttingIconPrimal.webp"
"1788937210-52","https://poe2db.tw/us/Skill_Gems#SkillGemsGemcutting","Primal","Thunderstorm","Devour","Arctic Howl","Fury of the Mountain","5","https://cdn.poe2db.tw/image/art/2dart/skillicons/4k/lightningstormskill.webp","https://cdn.poe2db.tw/image/art/2dart/skillicons/4k/druidtundrahunter.webp","https://cdn.poe2db.tw/image/art/2dart/skillicons/4k/druidfuryofthemountain.webp","https://cdn.poe2db.tw/image/art/2dart/skillicons/4k/druiddevourshock.webp","https://cdn.poe2db.tw/image/Art/2DArt/UIImages/InGame/GemcuttingNew/GemcuttingIconPrimal.webp"
"1788937210-53","https://poe2db.tw/us/Skill_Gems#SkillGemsGemcutting","Primal","Ferocious Roar","Spell Totem","Cross Slash","","7","https://cdn.poe2db.tw/image/art/2dart/skillicons/4k/druidbearwarcry.webp","https://cdn.poe2db.tw/image/art/2dart/skillicons/4k/druidcrossslash.webp","","https://cdn.poe2db.tw/image/art/2dart/skillicons/4k/druidspelltotem.webp","https://cdn.poe2db.tw/image/Art/2DArt/UIImages/InGame/GemcuttingNew/GemcuttingIconPrimal.webp"
"1788937210-54","https://poe2db.tw/us/Skill_Gems#SkillGemsGemcutting","Primal","Thrashing Vines","Oil Barrage","","","9","https://cdn.poe2db.tw/image/art/2dart/skillicons/4k/druidawakenedforest.webp","","","https://cdn.poe2db.tw/image/art/2dart/skillicons/4k/druidelectricspittle.webp","https://cdn.poe2db.tw/image/Art/2DArt/UIImages/InGame/GemcuttingNew/GemcuttingIconPrimal.webp"
"1788937210-55","https://poe2db.tw/us/Skill_Gems#SkillGemsGemcutting","Primal","Rampage","Tornado","","","11","https://cdn.poe2db.tw/image/art/2dart/skillicons/4k/druidbearrampage.webp","","","https://cdn.poe2db.tw/image/art/2dart/skillicons/4k/druidtornado.webp","https://cdn.poe2db.tw/image/Art/2DArt/UIImages/InGame/GemcuttingNew/GemcuttingIconPrimal.webp"
"1788937210-56","https://poe2db.tw/us/Skill_Gems#SkillGemsGemcutting","Primal","Flame Breath","Lunar Blessing","Walking Calamity","","13","https://cdn.poe2db.tw/image/art/2dart/skillicons/4k/druidflamebreath.webp","https://cdn.poe2db.tw/image/art/2dart/skillicons/4k/druidwalkingcalamity.webp","","https://cdn.poe2db.tw/image/art/2dart/skillicons/4k/druidlunarblessing.webp","https://cdn.poe2db.tw/image/Art/2DArt/UIImages/InGame/GemcuttingNew/GemcuttingIconPrimal.webp"
